Company,Email,Website,Bio
inventYOU IT Consulting,contact@inventyou.se,http://www.inventyou.se,inventYOU is an IT Consulting firm founded in Sweden in 2017.  At inventYOU we offer senior professional IT services. Our consultants have extensive experience in the industry and throughout the years have assisted our customers in their successful digital transformation journeys.  InventYOU can off
AlifCloud IT Consulting Pvt. Ltd.,info@alifconsulting.com,https://alifconsulting.com,"We at Alif, are passionate about delivering exceptional white-labelled services to enhance the security and efficiency of organizations. Our journey began with a focus on minimizing downtime and maximizing failovers, as we empathetically stepped into the shoes of our partners, looking at things from"
Lithium3 IT Consulting Limited,hello@lithium3.uk,http://www.lithium3.uk,"Lithium3, founded in 2017, pride ourselves on being an independent who specialise in Data, ERP and Business Transformation People and Consulting Solutions. Our mission is to revolutionise our customers experience by placing a strong emphasis on people quality, providing trusted, tailored solutions t"
YO IT CONSULTING,info@mysite.com,https://yoitconsulting.short.gy/yoit-consult,"Introducing our comprehensive IT service and IT consulting solution, designed to cater to the diverse technological needs of businesses across various industries. Our esteemed offering encompasses a wide array of services, ranging from system analysis and design to network infrastructure management,"
Crest IT Consulting Pvt Ltd.,eprompto.helpdesk@crestit.in,http://www.crestit.in/,"We are an IT consulting company specializing in data security. Our aim is to enable our clients service their customers better and more securely. We provide end to end IT services. Right from the POC, scoping, architecture, sizing and then implementation and operations support. We are also dealing w"
"Ubiminds: You, International.",ubiminds@ubiminds.com,http://www.ubiminds.com,"We connect people and companies who shape the world through software. NorthAm + LatAm. Brains + Hearts.   \\FOR COMPANIES //   Leading software companies partner up with Ubiminds to gain foresight, gain momentum, and get ahead.  AI PRODUCT STRATEGY DEVELOPMENT 🧠  ↳ Strategic Consulting: Align your b"
StarHire,info@ndiscovered.com,http://starhire.net/,"StarHire is an independent recruiting and talent consulting firm, headquartered in the Austin, TX area, with a global network and 20+ years of experience in the field.   StarHire specializes in bringing in great talent for companies, locally and globally. We work across industries and domains. There"
"Building Image Group, Inc. (BIG)",info@buildingimagegroup.com,http://www.buildingimagegroup.com,"Building Image Group Inc. is an Architectural Signage Company that provides design, fabrication, consultation, installation and management of architectural signage, modular sign systems and graphic programs. We are the industry leaders in innovative design and custom fabrication. We are dedicated to"
The Bidding Network,Shea.BiddingNetwork@gmail.com,http://www.thebiddingnetwork.com,"We are a locally owned IT recruiting firm based in Austin, Texas. We originally started back in 1996 but formally got started in 1999. Our #1 focus?  Excellent customer service and a very pleasant job search experience with our clients.   We have had the pleasure of working with some of the best sof"
SAAS NORTH Conference,Info@saasnorth.com,http://www.saasnorth.com,"SAAS NORTH is where the SaaS community comes together to learn and grow.   We're not just a conference—we're a community of founders, investors, and executives who are committed to supporting one another through professional education, mentorship, and investment opportunities.  Our mission is to bui"
SaaS Capital,etuck@saas-capital.com,http://saas-capital.com,"SaaS Capital is the leading provider of growth debt designed explicitly for B2B SaaS companies. SaaS Capital’s growth debt is structured to provide a significant source of committed funding, deployment flexibility, and lower overall cost of capital, all while avoiding the loss of control associated "
SaaS Mantra,hello@saasmantra.com,https://saasmantra.com/,"We're SaaS Mantra, a marketplace for discovering unique software products from all over the world. We're a small, but mighty team of SaaS enthusiasts on a mission to bring the best products to the spotlight and help businesses of all sizes find the perfect solution for their needs.  We understand th"
SaaS Insider,contact@saasinsider.com,https://www.saasinsider.com/,"With an aim to share knowledge and dig deep into what keeps a SaaS business up and running, this community aims at helping people understand what one needs to possess in order to understand the business.   Just like most of us, we are still growing. Watch out for more interesting content on SaaS."
saas.group,info@saas.group,http://www.saas.group,"saas.group is a conglomerate of independent SaaS businesses founded by experienced industry veterans with proven entrepreneurial, investing, and product backgrounds.   We love healthy SaaS companies and help them to reach the next level. If being acquired is something that sparks some interest or yo"
Zicom SaaS,info@zicomsaas.com,https://zicomsaas.com/,"The journey of securing lives began in 1994 for Zicom. With years of expertise and experience, Zicom etched a name for itself in the field of Electronic Security Surveillance in India. Over the last two decades, Zicom has expanded its reach to 5 countries, 1023 cities, and over a million happy custo"
Blue Fleet,querofazerparte@bluefleet.com.br,https://www.bluefleet.com.br,"Gerencie sua operação de frota com eficiência, agilidade e tecnologia."
Whizible® - Integrated SaaS Platform for Services Companies,privacy@whizible.com,http://www.whizible.com,"Whizible is an integrated software tool for Agile organisations.  It is the only PSA software with implementation and guarantee support.   Whizible provides a ‘single version of the truth’ to all the collaborating stakeholders, regardless of the types of projects and engagements and predictive analy"
Oakstone International | SaaS Executive Search,user@domain.com,http://www.oakstone.co.uk,"Oakstone International connects SaaS companies with exceptional Leadership and Go-To-Market talent across the US, EMEA and APAC.   Using our extensive network and over 30 years of experience, we help funded, VC, PE and Public technology companies expand quickly and successfully into new or existing "
Meltwater,privacy@meltwater.com,http://meltwater.com/,"Meltwater empowers companies with a suite of solutions that spans media, social, consumer, and sales intelligence. By analyzing ~1 billion pieces of content each day and transforming them into vital insights, Meltwater unlocks the competitive edge to drive results. With 27,000 global customers, 50 o"
SAAS Properties,dxb.agents@saasproperties.com,https://www.saasproperties.com,"SAAS Properties is a leading luxury property developer based in the United Arab Emirates, with a strong presence in the commercial, residential, and retail real estate sectors. The company has built a reputation for excellence and innovation, renowned for creating thoughtfully designed spaces that r"
Rocket SaaS,info@rocket-saas.io,https://rocket-saas.io/?utm_source=linkedin&utm_medium=bio-link&utm_campaign=%20,"SaaS marketing strategy and execution team for B2B brands with limited in-house resources.   Are you struggling to generate SaaS leads? Partner with a team of proven SaaS marketing experts.   A full suite of SaaS marketing services to propel your brand awareness & generate leads, all on a rolling mo"
Gripped | B2B Digital Marketing Agency for SaaS & Tech,hello@gripped.io,http://gripped.io,"Gripped is a digital first sales & marketing agency for B2B SaaS, technology & IT companies. We help founders, sales leaders, and marketing teams to earn the trust of prospects and customers. From strategy to execution we’ll build market presence, turn the right strangers into leads, and enable you "
"RealPage, Inc.",media@RealPage.com,http://www.realpage.com,"RealPage is the leading global provider of AI-enabled software platforms to the real estate industry. By using RealPage solutions for operational excellence in the front office and throughout property operations, many leading property owners, operators and investors gain transparency into asset perf"
Palo Alto Networks,paloaltonetworks@bm.com,http://www.paloaltonetworks.com,"Palo Alto Networks, the global cybersecurity leader, is shaping the cloud-centric future with technology that is transforming the way people and organizations operate. Our mission is to be the cybersecurity partner of choice, protecting our digital way of life. We help address the world's greatest s"
ABR Talent l Customer Success Recruitment for Start-up & Scale-up SaaS businesses,hello@abrtalent.co.uk,http://www.abrtalent.co.uk,"ABR Talent isn’t just another recruitment agency. We’re the go-to specialists for start-ups and scale-ups in SaaS, dedicated to building unbeatable Customer Success teams. Our team isn’t just familiar with Customer Success – we eat, sleep, and breathe it. We believe in the magic that happens when th"
eTalk SaaS Tutoring,info@etalk.ai,https://etalk.ai,"eTalk SaaS — All-in-One Education Management Software for tutoring centers, language schools, and coaching businesses.  Whether you run a small tutoring business or a large multi-branch organization, eTalk SaaS brings your operations into one powerful platform. Simplify administration, manage lesson"
Design Monks - UI UX | Branding | SaaS | Webapp Design Agency,yourmail@gmail.com,https://designmonks.co/,"Design Monks LLC is a leading UI/UX and web design agency helping brands create high-impact digital experiences. With a talented in-house team of 30+ designers and developers, we craft intuitive, conversion-focused websites and digital products that drive real business growth.  From UX research and "
Beetle Beetle- SaaS Website Revamp Studio,hiring@beetlebeetle.co,https://beetlebeetle.com,You have a kickass SaaS product that your website is simply not doing justice to.  A good product is not enough for your business to survive and scale.   You need a solid customer acquisition system. You need higher conversions. You need quality leads. You need a website that speaks to your audience
Advotics - Supply Chain SaaS,sales@www.advotics.com,http://www.advotics.com,"Advotics is an Indonesian based SaaS startup specializing in supply chain. In the past 5 years, we have been providing end-to-end integrated supply chain solutions, from production to distribution, to 70+ companies. Our clients range from SMEs to multinational enterprises, among them are Exxonmobil,"
Women of SaaS,hello@womenofsaas.com,https://www.womenofsaas.com,"Hey, we are Women of SaaS! Your network to connect with other brilliant women of the SaaS industry   The number of women in the SaaS industry is still low. Our mission is to increase the visibility of these brilliant women – among each other and for everyone else.    We think now is the ideal time t"
Hey Digital - Leading SaaS Performance Marketing & Creative Agency,hey@goheydigital.com,http://www.heydigital.co,"At Hey Digital we help SaaS and Tech companies scale key metrics such as free trials, leads, demo requests, webinar attendees and ultimately paid users by building out successful paid acquisition campaigns on both Facebook and Google."
Aimers - SaaS & Tech Marketing Agency,hello@aimers.io,https://aimers.io,"Aimers is an international Performance Marketing Agency. For over a decade, we have empowered SaaS and tech B2B companies with cutting-edge paid acquisition solutions. We propel your success through our data-driven strategies, results-oriented PPC campaigns, advanced analytics, relentless conversion"
